{
  "per_query": [
    {
      "recall_at_5": 0.5,
      "recall_at_10": 0.5,
      "mrr": 1.0,
      "ndcg_at_10": 0.6505149978319906
    },
    {
      "recall_at_5": 0.5,
      "recall_at_10": 0.5,
      "mrr": 0.3333333333333333,
      "ndcg_at_10": 0.31546487678572877
    }
  ],
  "aggregate": {
    "recall_at_5": 0.5,
    "recall_at_10": 0.5,
    "mrr": 0.666667,
    "ndcg_at_10": 0.48299,
    "ts": 1768999516
  }
}